factory,model,year,city,mileage,price
renault,logan,2019,екатеринбург,152591,693000
lada,granta,2023,санкт-петербург,43411,700000
lada,largus,2018,тула,119961,705000
renault,sandero,2017,энгельс,147070,766000
lada,granta,2021,кемерово,96164,790000
lada,granta,2022,самара,47330,800000
renault,sandero,2017,набережные челны,150525,800000
lada,largus,2019,москва,219150,810000
lada,granta,2022,пенза,61262,830000
lada,granta,2022,пенза,48691,840000
lada,4х4,2021,челябинск,90231,850000
lada,granta,2023,набережные челны,36223,850000
lada,vesta,2021,пятигорск,89383,860000
lada,4х4,2022,волгоград,28705,860000
lada,niva,2021,москва,13557,860000
lada,niva,2022,магнитогорск,60371,880000
lada,granta,2024,пенза,32751,890000
lada,granta,2023,челябинск,34852,890000
lada,largus,2018,самара,98507,890000
lada,granta,2023,москва,26177,897000
chery,tiggo,2018,ставрополь,240962,900000
lada,largus,2020,оренбург,196429,900000
lada,largus,2020,москва,186710,900000
lada,granta,2023,челябинск,25918,910000
lada,granta,2024,тула,34904,915000
lada,niva,2023,владивосток,3975,930000
lada,niva,2022,магнитогорск,50151,931000
lada,niva,2020,уфа,40810,940000
nissan,terrano,2016,петропавловск-камчатский,90203,950000
lada,granta,2024,ставрополь,5470,950000
lada,largus,2020,уфа,191813,950000
lada,niva,2023,ростов-на-дону,38764,990000
lada,niva,2023,киров,58483,1000000
lada,largus,2017,ульяновск,197496,1000000
lada,largus,2019,москва,109968,1010000
chery,tiggo,2018,краснодар,64617,1030000
lada,granta,2023,ставрополь,36522,1040000
lada,largus,2021,казань,120710,1050000
renault,duster,2020,благовещенск,184513,1050000
уаз,патриот,2020,самара,111579,1050000
lada,niva,2022,сургут,90473,1068000
skoda,rapid,2017,москва,262232,1070000
lada,niva,2024,тула,1688,1070000
lada,niva,2024,тула,3817,1070000
skoda,rapid,2017,владивосток,122624,1090000
lada,niva,2022,новосибирск,50959,1090000
lada,niva,2023,казань,36155,1099000
renault,dokker,2017,пенза,315478,1100000
nissan,terrano,2016,владивосток,117307,1100000
lada,largus,2021,иркутск,201595,1100000
москвич,3,2023,санкт-петербург,91227,1100000
lada,niva,2023,пятигорск,51427,1100000
lada,granta,2022,челябинск,19126,1120000
skoda,rapid,2017,санкт-петербург,100629,1130000
lada,vesta,2020,тюмень,81342,1141000
kia,rio,2017,нижний новгород,148325,1150000
changan,alsvin,2023,москва,13887,1150000
chery,tiggo,2023,москва,116052,1155000
lada,niva,2024,пятигорск,4111,1160000
москвич,3,2023,санкт-петербург,79979,1180000
changan,alsvin,2023,энгельс,12132,1185200
changan,alsvin,2023,энгельс,43608,1185200
changan,alsvin,2023,энгельс,29708,1189000
dongfeng,580,2021,казань,116505,1190000
chery,tiggo,2023,москва,67354,1300000
lada,vesta,2023,воронеж,13626,1300000
lada,vesta,2023,воронеж,19319,1300000
chery,tiggo,2023,москва,86632,1305000
chery,tiggo,2023,москва,56538,1305000
lada,vesta,2023,санкт-петербург,17267,1305000
lada,vesta,2023,новочебоксарск,14316,1305000
chery,tiggo,2023,москва,69371,1320000
changan,alsvin,2023,энгельс,18696,1193750
kia,rio,2019,уфа,193414,1197000
kia,rio,2017,москва,152229,1200000
chery,tiggo,2023,москва,95468,1200000
lada,xray,2021,москва,117046,1200000
skoda,rapid,2017,хабаровск,105472,1200000
lada,niva,2023,пятигорск,48274,1200000
jac,j7,2022,красноярск,60274,1230250
kia,rio,2018,набережные челны,193427,1270000
lada,vesta,2023,тула,23950,1280000
lada,vesta,2023,тула,14479,1280000
lada,vesta,2023,тула,14079,1280000
chery,tiggo,2023,москва,61121,1280000
kaiyi,e5,2023,нижний новгород,30290,1285000
lada,vesta,2023,санкт-петербург,15281,1290000
lada,vesta,2023,воронеж,15759,1290000
уаз,патриот,2020,хабаровск,36051,1250000
volkswagen,polo,2020,москва,77395,1250000
lada,vesta,2023,тула,20366,1250000
lada,vesta,2019,кемерово,135320,1250000
lada,vesta,2023,тула,22419,1250000
lada,largus,2021,москва,146312,1250000
lada,niva,2023,москва,31194,1260000
lada,vesta,2020,москва,120007,1265000
kia,rio,2017,барнаул,140984,1290000
lada,largus,2021,санкт-петербург,79778,1290000
lada,vesta,2024,санкт-петербург,3169,1295000
chery,tiggo,2023,москва,71120,1295000
chery,tiggo,2023,москва,67769,1300000
chery,tiggo,2023,москва,67354,1300000
lada,vesta,2023,воронеж,13626,1300000
lada,vesta,2023,воронеж,19319,1300000
jac,j7,2023,москва,53845,1300000
jac,j7,2023,москва,34688,1300000
jac,j7,2023,москва,53721,1300000
jac,j7,2023,москва,41880,1300000
jac,j7,2023,москва,41944,1300000
jac,j7,2023,москва,60354,1300000
jac,j7,2023,москва,25375,1300000
chery,tiggo,2023,москва,67769,1300000
уаз,патриот,2022,сургут,57267,1340000
уаз,патриот,2021,москва,87778,1350000
lada,largus,2021,воронеж,118732,1350000
lada,largus,2021,москва,145225,1350000
chery,tiggo,2023,москва,83113,1364000
jetta,va3,2022,архангельск,52303,1365000
chery,tiggo,2023,санкт-петербург,47134,1385000
chery,tiggo,2022,москва,123811,1390000
chery,tiggo,2022,москва,123811,1390000
chery,tiggo,2023,москва,75916,1400000
jac,j7,2023,москва,39329,1400000
jac,j7,2023,москва,73932,1400000
jac,j7,2023,москва,53299,1400000
kia,rio,2019,пермь,153484,1410000
chery,tiggo,2023,санкт-петербург,41472,1415000
lada,vesta,2023,челябинск,14634,1420000
chery,tiggo,2023,москва,69371,1320000
lada,niva,2023,краснодар,11289,1325000
chery,tiggo,2023,москва,58859,1330000
chery,tiggo,2023,москва,41908,1330000
chery,tiggo,2023,москва,76463,1335000
lada,vesta,2021,уфа,122674,1335000
chery,tiggo,2023,москва,68896,1340000
chery,tiggo,2023,москва,29116,1340000
hyundai,solaris,2021,нижний новгород,85307,1440000
lada,vesta,2023,москва,19387,1440000
уаз,патриот,2022,омск,22303,1445000
chery,tiggo,2022,москва,133002,1450000
hyundai,solaris,2020,москва,176516,1450000
chery,tiggo,2023,москва,87600,1450000
skoda,octavia,2017,казань,106863,1450000
chery,tiggo,2023,санкт-петербург,60136,1450000
chery,tiggo,2023,санкт-петербург,60136,1450000
chery,tiggo,2022,москва,165848,1462000
chery,tiggo,2023,санкт-петербург,57183,1470000
volkswagen,polo,2021,владимир,120664,1480000
changan,eado,2023,краснодар,76572,1485000
lada,largus,2021,новосибирск,102165,1490000
lada,largus,2021,екатеринбург,88558,1497000
chery,tiggo,2022,москва,137299,1500000
chery,tiggo,2023,москва,48492,1500000
skoda,rapid,2022,москва,136472,1500000
chery,tiggo,2021,красноярск,30116,1512600
evolute,i-pro,2023,москва,18138,1530000
уаз,патриот,2023,томск,11536,1550000
omoda,s5,2023,краснодар,39588,1550000
lada,largus,2021,новосибирск,87118,1550000
chery,tiggo,2022,москва,164034,1550000
geely,emgrand,2023,москва,47377,1590000
lada,vesta,2023,воронеж,9796,1600000
chery,tiggo,2023,москва,74654,1600000
mazda,3,2018,москва,98423,1600000
omoda,s5,2023,краснодар,14572,1615000
kia,rio,2021,новосибирск,105787,1630000
kia,rio,2020,екатеринбург,135279,1630000
hyundai,solaris,2021,сочи,42856,1650000
jac,j7,2023,воронеж,35194,1550000
уаз,патриот,2023,томск,11536,1550000
omoda,s5,2023,краснодар,39588,1550000
уаз,патриот,2024,пятигорск,30554,1570000
chery,tiggo,2023,москва,65976,1570000
omoda,s5,2023,краснодар,25598,1570000
lada,vesta,2023,челябинск,36773,1573000
hyundai,solaris,2021,владимир,125122,1580000
lada,largus,2022,краснодар,18728,1650000
omoda,s5,2023,москва,30431,1650000
уаз,патриот,2021,челябинск,31508,1670000
kia,rio,2019,новосибирск,53491,1690000
dongfeng,580,2021,казань,69390,1690000
dongfeng,580,2021,казань,71578,1699000
volkswagen,polo,2021,владимир,53316,1699000
changan,eado,2023,краснодар,33322,1700000
уаз,патриот,2024,пятигорск,3130,1700000
changan,eado,2023,краснодар,33322,1700000
changan,cs35plus,2023,воронеж,13475,1700000
chery,tiggo,2022,нижний новгород,11382,1700000
chery,tiggo,2022,волгоград,39133,1729000
hyundai,solaris,2022,москва,76888,1730000
hyundai,solaris,2022,москва,41917,1730000
volkswagen,polo,2021,ростов-на-дону,76002,1750000
kia,sportage,2017,кемерово,183838,1750000
volkswagen,polo,2021,ростов-на-дону,76002,1750000
chery,tiggo,2023,москва,55434,1776000
haval,f7x,2021,киров,45781,1790000
geely,emgrand,2023,москва,341,1790000
geely,emgrand,2023,москва,267,1790000
nissan,qashqai,2021,москва,81107,1799000
haval,f7x,2022,москва,127350,1800000
chery,tiggo,2021,краснодар,67494,1800000
chery,tiggo,2023,москва,45614,1826000
haval,f7x,2020,волгоград,129360,1830000
kia,optima,2018,воронеж,188350,1830000
haval,jolion,2023,санкт-петербург,32427,1850000
suzuki,vitara,2021,магнитогорск,59774,1850000
evolute,i-pro,2023,москва,120,1850000
jac,js6,2023,нижний новгород,24218,1852500
jac,js6,2023,нижний новгород,4422,1852600
jac,js6,2023,нижний новгород,16298,1857000
chery,tiggo,2022,москва,136084,1885000
volkswagen,polo,2022,набережные челны,65174,1900000
haval,f7,2020,ростов-на-дону,42887,1900000
hyundai,creta,2020,омск,116345,1900000
geely,coolray,2022,санкт-петербург,47210,1900000
chery,tiggo,2021,санкт-петербург,86895,1925000
chery,tiggo,2023,москва,44857,1999000
chery,tiggo,2022,владивосток,48570,2000000
kia,ceed,2019,москва,71778,2000000
chery,tiggo,2022,красноярск,35837,2000000
geely,coolray,2022,москва,40060,2000000
geely,coolray,2022,рязань,86227,2000000
exeed,lx,2023,хабаровск,2278,2060000
kia,rio,2022,москва,58612,2080000
omoda,c5,2023,иркутск,33074,1948500
kia,soul,2021,магнитогорск,49016,1949000
chery,tiggo,2022,хабаровск,30037,1950000
geely,atlas,2022,пенза,55975,1950000
geely,coolray,2022,набережные челны,36917,1950000
geely,atlas,2022,брянск,55945,1950000
kia,cerato,2020,москва,88097,1990000
hyundai,solaris,2024,воронеж,25,1990000
haval,f7,2023,санкт-петербург,25807,2100000
mercedes-benz,gla,2016,новосибирск,151572,2100000
geely,atlas,2022,санкт-петербург,59851,2120000
kia,seltos,2021,москва,86869,2120000
faw,bestune,2023,новосибирск,13541,2130000
haval,f7x,2022,липецк,88448,2140000
haval,f7,2022,санкт-петербург,47353,2150000
chery,tiggo,2023,калуга,42184,2150000
omoda,c5,2023,воронеж,10936,2150000
chery,arrizo,2023,саранск,21222,2150000
kia,soul,2019,набережные челны,63983,2150000
kia,cerato,2021,владимир,50165,2170000
haval,f7,2022,тольятти,72434,2170000
haval,jolion,2023,екатеринбург,9452,2171000
nissan,x-trail,2019,москва,98097,2190000
haval,jolion,2023,набережные челны,46699,2199000
haval,f7,2022,москва,62203,2200000
nissan,x-trail,2020,смоленск,154947,2200000
haval,jolion,2022,москва,18129,2200000
haval,jolion,2023,тольятти,65473,2210000
kia,seltos,2020,архангельск,30643,2220000
kia,cerato,2021,санкт-петербург,57050,2230000
changan,uni-v,2023,новосибирск,34836,2249000
genesis,g80,2018,москва,225996,2250000
mercedes-benz,a,2019,хабаровск,44274,2315000
chery,tiggo,2023,магнитогорск,31520,2320000
toyota,camry,2017,москва,142996,2350000
omoda,c5,2023,набережные челны,3350,2387000
changan,uni-v,2023,москва,12463,2390000
kia,seltos,2021,кемерово,52722,2390000
skoda,karoq,2021,барнаул,108767,2390000
kia,ceed,2022,курган,39866,2395000
mitsubishi,outlander,2021,красноярск,76334,2268000
faw,bestune,2023,екатеринбург,33003,2288000
kia,ceed,2021,москва,57655,2290000
kia,optima,2019,тула,100212,2290000
toyota,camry,2017,брянск,217968,2290000
chery,tiggo,2023,екатеринбург,4078,2295000
jeep,cherokee,2018,москва,68847,2300000
hyundai,creta,2021,казань,44874,2310000
solaris,hs,2024,москва,4,2400000
hyundai,solaris,2024,москва,4,2400000
hyundai,solaris,2024,москва,4,2400000
solaris,hs,2024,москва,4,2400000
solaris,hs,2024,москва,4,2400000
chery,tiggo,2021,москва,37147,2400000
chery,tiggo,2022,кемерово,53399,2406000
haval,f7,2023,санкт-петербург,20830,2420000
kia,seltos,2021,новосибирск,52596,2430000
haval,h9,2021,ульяновск,107004,2445000
toyota,camry,2018,ярославль,248371,2450000
chery,tiggo,2023,пятигорск,27738,2450000
kia,cerato,2021,москва,54142,2500000
kia,sportage,2021,сочи,66266,2500000
mazda,cx-30,2021,новокузнецк,65327,2550000
geely,tugella,2021,москва,91143,2550000
kia,k5,2021,кострома,125308,2550000
kia,seltos,2022,пятигорск,44713,2570000
exeed,txl,2022,новочебоксарск,66872,2570000
nissan,qashqai,2021,москва,67642,2600000
gac,gs8,2022,москва,36686,2600000
kia,sportage,2021,хабаровск,95283,2600000
mitsubishi,outlander,2020,пенза,124224,2600000
skywell,et5,2022,санкт-петербург,18187,2610000
mazda,cx-30,2021,барнаул,48489,2650000
chery,tiggo,2022,новокузнецк,47503,2650000
volvo,s90,2017,москва,181205,2690000
kia,sportage,2021,владивосток,49933,2700000
hyundai,sonata,2020,москва,64104,2700000
geely,coolray,2023,москва,2047,2740000
toyota,rav4,2017,москва,91830,2750000
mitsubishi,pajero,2018,пятигорск,97970,2800000
exeed,txl,2023,санкт-петербург,13208,2800000
volkswagen,touareg,2018,москва,276033,2800000
haval,dargo,2023,тула,22209,2800000
mitsubishi,outlander,2021,санкт-петербург,100455,2830000
chery,tiggo,2023,москва,20472,2850000
geely,tugella,2022,рязань,48362,2860000
exeed,txl,2023,набережные челны,13454,2890000
chery,tiggo,2022,томск,29212,2900000
mitsubishi,pajero,2019,новосибирск,141459,2900000
changan,uni-k,2022,москва,46913,2900000
exeed,txl,2023,ростов-на-дону,11388,2900000
mitsubishi,outlander,2021,москва,58543,2936000
mercedes-benz,cla,2021,набережные челны,122916,2950000
volkswagen,multivan,2016,тверь,390281,2950000
skoda,kodiaq,2019,ульяновск,130441,2950000
toyota,camry,2021,москва,98960,2950000
exeed,txl,2023,кемерово,52624,2950000
gac,gs8,2023,санкт-петербург,55913,2990000
nissan,x-trail,2021,москва,101966,3000000
mazda,cx-5,2021,пенза,141486,3000000
exeed,vx,2021,хабаровск,39886,3040800
mercedes-benz,glc,2016,хабаровск,146501,3100000
mazda,6,2021,екатеринбург,56907,3100000
exeed,vx,2022,кемерово,63318,3140000
kia,k900,2019,москва,140784,3150000
exeed,vx,2022,чебоксары,47009,3150000
exeed,vx,2021,владивосток,71485,3150000
changan,uni-k,2023,москва,15500,3150000
volvo,s90,2017,москва,85806,3200000
hyundai,tucson,2022,набережные челны,72848,3200000
geely,tugella,2023,волгоград,29826,3200000
volkswagen,teramont,2018,москва,245442,3200000
haval,h9,2022,липецк,55487,3400000
nissan,x-trail,2022,пенза,29598,3450000
peugeot,traveller,2020,москва,164972,3500000
skoda,kodiaq,2021,москва,124160,3500000
mercedes-benz,glc,2017,санкт-петербург,67169,3514000
skoda,kodiaq,2021,омск,74924,3550000
volvo,v60,2021,череповец,76848,3600000
mazda,6,2023,москва,2242,3600000
geely,tugella,2022,ульяновск,21900,3250000
exeed,vx,2022,москва,15115,3250000
infiniti,qx50,2021,хабаровск,75017,3298500
mazda,cx-5,2021,краснодар,43909,3300000
geely,tugella,2022,сургут,25231,3392000
mercedes-benz,e,2019,воронеж,137611,3395000
mazda,6,2023,краснодар,30624,3400000
hyundai,sonata,2022,москва,28203,3400000
kia,stinger,2021,москва,74740,3600000
nissan,murano,2021,нижний новгород,37837,3750000
exeed,rx,2023,новосибирск,30624,3755000
mitsubishi,pajero,2020,екатеринбург,74171,3766000
toyota,camry,2021,череповец,127523,3800000
toyota,rav4,2021,новосибирск,40633,3800000
mazda,cx-9,2021,москва,119412,3850000
exeed,rx,2023,тольятти,6512,3850000
mercedes-benz,e,2019,москва,123585,3900000
kia,sorento,2021,москва,119511,3900000
volkswagen,touareg,2018,псков,98777,3950000
haval,h9,2023,калининград,14341,3980000
volkswagen,golf,2021,москва,53319,4000000
audi,a5,2019,москва,61062,4050000
mercedes-benz,e,2020,ростов-на-дону,189605,4050000
mercedes-benz,e,2020,курск,74043,4300000
audi,q7,2016,москва,121336,4350000
land rover,range,2018,москва,85662,4450000
mercedes-benz,e,2017,ростов-на-дону,131935,4500000
audi,a6,2020,москва,111654,4500000
volkswagen,teramont,2021,волгоград,94650,4600000
dodge,challenger,2021,москва,50176,4690000
kia,carnival,2021,москва,61861,4700000
toyota,fortuner,2021,москва,91650,4700000
genesis,gv80,2021,сургут,68482,5550000
toyota,land,2021,череповец,85745,5600000
toyota,land,2018,чебоксары,261325,5610000
audi,q7,2019,санкт-петербург,139244,5650000
genesis,g90,2021,пятигорск,72912,5700000
mercedes-benz,c,2019,москва,90200,5700000
land rover,range,2019,санкт-петербург,173202,5730000
genesis,g90,2021,москва,103490,5800000
kia,sorento,2021,москва,63631,4760000
audi,q7,2019,курск,131356,4810000
audi,rs5,2017,орёл,115428,4850000
bmw,5,2021,краснодар,85078,4900000
voyah,free,2023,москва,15795,4930000
kia,mohave,2020,набережные челны,135868,4950000
mercedes-benz,gls,2018,кострома,188225,5500000
hongqi,e-hs9,2021,москва,6566,5550000
audi,a5,2021,казань,33347,5800000
genesis,g90,2021,москва,103490,5800000
genesis,g90,2021,москва,109808,5850000
genesis,g90,2021,москва,135104,5900000
hyundai,staria,2021,санкт-петербург,45070,5900000
genesis,g90,2021,москва,131207,5950000
genesis,g90,2021,москва,111744,5950000
genesis,g90,2021,москва,113089,5960000
nissan,pathfinder,2021,хабаровск,26404,6100000
mercedes-benz,e,2021,москва,128236,6150000
volkswagen,touareg,2020,пятигорск,100399,6200000
lexus,rx,2021,санкт-петербург,71020,6400000
mercedes-benz,s,2018,иваново,106177,6500000
mercedes-benz,g,2016,уфа,130008,6515000
infiniti,qx80,2020,москва,72023,6800000
kia,k9,2022,москва,48614,6900000
audi,a8,2018,москва,96103,7000000
bmw,x7,2019,уфа,206033,7000000
mercedes-benz,gle,2020,москва,176012,7000000
lexus,gx,2021,владивосток,159684,7000000
mercedes-benz,g,2015,москва,146611,7000000
land rover,defender,2021,кемерово,103532,7300000
mercedes-benz,s,2019,владимир,117823,7350000
bmw,7,2020,москва,75162,7500000
porsche,cayenne,2021,казань,148107,7745000
infiniti,qx80,2020,москва,52585,7800000
mercedes-benz,s,2018,москва,123127,7800000
toyota,land,2016,омск,92731,7990000
mercedes-benz,s,2019,москва,120206,8100000
land rover,range,2021,новосибирск,97122,8150000
land rover,range,2021,красноярск,42804,8194700
porsche,cayenne,2019,москва,111732,8250000
mercedes-benz,e,2021,москва,21445,8500000
porsche,cayenne,2019,москва,63119,8500000
toyota,alphard,2021,москва,50365,8700000
mercedes-benz,gle,2021,москва,45160,9000000
porsche,cayenne,2020,москва,73516,9200000
mercedes-benz,gls,2019,екатеринбург,123468,9300000
porsche,cayenne,2020,новосибирск,62902,9450000
mercedes-benz,gls,2021,санкт-петербург,126015,9980000
mercedes-benz,gls,2019,курск,54330,11000000
bmw,x6,2021,москва,45419,11000000
cadillac,escalade,2021,санкт-петербург,135516,11000000
bmw,x7,2021,москва,83922,11400000
toyota,land,2021,екатеринбург,55459,11400000
mercedes-benz,amg,2021,иркутск,18076,11422800
bmw,x5,2021,москва,15553,11700000
bmw,x5,2022,москва,40520,12000000
porsche,panamera,2020,иркутск,40432,12080000
toyota,land,2021,москва,89248,12200000
mercedes-benz,gls,2021,москва,55304,12500000
cadillac,escalade,2022,москва,78805,12950000
toyota,land,2021,москва,39643,13000000
land rover,range,2019,москва,34437,13700000
mercedes-benz,s,2021,москва,78494,13700000
mercedes-benz,gle,2021,москва,45665,14500000
mercedes-benz,g,2023,москва,6714,32000000
mercedes-benz,g,2023,москва,6687,32000000
dongfeng,shine,2023,воронеж,0,2289000
geely,monjaro,2024,москва,0,4024990
omoda,c5,2021,ростов-на-дону,0,2415000
lada,largus,2019,москва,78306,825000
lada,largus,2021,,222009,1045000
lada,largus,2020,пермь,98981,1160000
mercedes-benz,s,2021,омск,32577,14500000
bmw,x5,2021,москва,48848,15000000
bmw,x7,2022,ставрополь,49860,15000000
bmw,x5,2021,москва,27736,15700000
cadillac,escalade,2022,москва,14691,16700000
bmw,x7,2022,москва,42718,17700000
land rover,range,2022,самара,7650,22420000
mercedes-benz,g,2019,москва,44636,25000000
volkswagen,polo,2020,москва,79915,1324000
volkswagen,polo,2019,воронеж,93400,1340000
volkswagen,polo,2018,екатеринбург,86866,1349000
lada,largus,2021,москва,92000,1370000
volkswagen,polo,2020,москва,100215,1490000
volkswagen,polo,2020,москва,69501,1545000
nissan,terrano,2021,москва,162919,1580000
skoda,octavia,2019,москва,156070,1597000
haval,jolion,2024,нижний новгород,10000,2250000
kia,sportage,2018,москва,65047,2329000
nissan,qashqai,2021,москва,78985,2399000
hyundai,elantra,2023,воронеж,0,2499900
toyota,rav4,2016,тюмень,162200,2640000
hyundai,creta,2021,москва,54000,2727000
nissan,x-trail,2019,воронеж,21888,2800000
haval,f7,2024,сургут,0,2849000
volkswagen,jetta,2018,екатеринбург,118400,1599000
skoda,rapid,2020,москва,55786,1599000
skoda,octavia,2019,москва,37010,1739000
kia,cerato,2018,екатеринбург,138100,1799000
volkswagen,jetta,2018,екатеринбург,85140,1799000
chery,tiggo,2022,уфа,47800,1990000
baic,x35,2023,ростов-на-дону,660,1999000
mitsubishi,outlander,2015,уфа,85260,2130000
mitsubishi,outlander,2019,уфа,42058,2860000
hyundai,starex,2017,москва,173508,2870000
volkswagen,multivan,2015,москва,223705,2877000
exeed,txl,2022,тюмень,37000,2900000
haval,h9,2022,москва,108185,2997000
hyundai,tucson,2021,москва,28900,3290000
haval,f7x,2024,нижний новгород,10,3310000
kia,sportage,2021,уфа,44627,3350000
exeed,txl,2023,тюмень,9500,3350000
volkswagen,tiguan,2020,москва,82187,3470000
land rover,discovery,2019,уфа,94369,3490000
mitsubishi,outlander,2018,тюмень,140365,3540000
kia,sportage,2022,смоленск,71000,3700000
land rover,range,2019,уфа,76139,3890000
kia,sportage,2022,смоленск,75900,3900000
toyota,camry,2021,санкт-петербург,43588,3990000
hyundai,santa,2021,москва,53433,4097000
hyundai,santa,2021,москва,54800,4190000
kia,sorento,2021,,72480,4199000
lexus,es,2020,санкт-петербург,66247,4250000
kia,sorento,2022,смоленск,69210,4300000
kia,sportage,2022,смоленск,68000,4300000
bmw,3,2022,уфа,85000,4400000
mercedes-benz,a,2022,смоленск,8865,4500000
lexus,nx,2020,новосибирск,54966,4500000
hongqi,e-hs9,2021,краснодар,13945,4500000
suzuki,jimny,2023,пермь,5,4668000
kia,sorento,2022,смоленск,124251,4750000
kia,sorento,2022,смоленск,83908,4800000
voyah,free,2022,краснодар,8800,4800000
kia,sorento,2022,смоленск,84510,5000000
bmw,5,2018,санкт-петербург,102000,5600000
toyota,land,2020,,39000,6490000
hyundai,staria,2021,москва,15533,6584000
hyundai,staria,2021,москва,37571,6599000
hyundai,grandeur,2023,красногорск,3950,6600000
kia,k9,2022,,20000,6680000
hyundai,grandeur,2023,красногорск,3200,6700000
bmw,x1,2023,воронеж,10400,6720000
byd,han,2022,белгород,3050,6780000
tank,300,2024,,5,6933000
tank,300,2024,,50,6964000
genesis,gv80,2021,смоленск,23299,6990000
tank,300,2024,,5,6995000
tank,300,2024,,5,7121000
tank,300,2024,,5,7199000
genesis,gv80,2021,тюмень,49045,7440000
hongqi,e-hs9,2021,краснодар,15,7500000
land rover,discovery,2019,уфа,37544,5690000
bmw,x3,2021,белгород,42844,5700000
skoda,kodiaq,2024,пермь,3,5988000
mercedes-benz,gls,2018,москва,111514,5997000
lexus,rx,2021,тюмень,55364,6349000
tank,300,2024,,50,6380000
bmw,5,2019,москва,62729,6390000
bmw,x5,2018,москва,132569,6490000
toyota,land,2020,москва,117044,9490000
bmw,x6,2020,смоленск,105461,9950000
bmw,7,2021,москва,103774,9990000
bmw,x5,2021,москва,129925,9990000
li auto (lixiang),l9,2024,москва,2024,10400000
lexus,lx,2016,тюмень,76413,10560000
bmw,x7,2019,москва,58849,10690000
bmw,x7,2021,москва,94689,10990000
bmw,x6,2020,москва,75199,10990000
bmw,x7,2021,тамбов,74000,10999000
bmw,7,2021,москва,61199,11190000
bmw,x6,2021,москва,81879,11390000
bmw,x5,2020,москва,73195,11990000
mercedes-benz,gle,2021,смоленск,39530,12290000
bmw,x7,2021,москва,73595,13490000
bmw,x6,2021,москва,51120,13790000
lexus,es,2022,тюмень,8562,7560000
voyah,passion,2023,краснодар,3300,7900000
land rover,defender,2021,нижний новгород,17625,7949000
lexus,lx,2016,тюмень,93529,8160000
bmw,3,2023,,55,8280000
mercedes-benz,gle,2019,смоленск,63320,8700000
mercedes-benz,gle,2022,воронеж,43600,9240000
audi,q8,2021,воронеж,80000,9480000
bmw,x7,2022,,5934,19420000
mercedes-benz,g,2020,воронеж,49500,20550000
bmw,7,2023,,4256,21200000
mercedes-benz,s,2023,самара,13500,33300000
tank,300,2022,санкт-петербург,19117,4049000
hongqi,hq9,2022,санкт-петербург,3924,7890000
genesis,gv80,2021,казань,26959,8400000
genesis,gv80,2021,казань,38937,8400000
lexus,lx,2021,тюмень,106637,14280000
toyota,land,2024,санкт-петербург,92,14800000
toyota,land,2024,санкт-петербург,13,15100000
audi,rs,2022,воронеж,23500,17200000
bmw,x6,2023,воронеж,1400,17400000
lexus,gx,2024,москва,9,17790000
bmw,x5,2023,,644,17990000
toyota,land,2022,,31000,18200000
genesis,gv80,2021,казань,36252,9030000
audi,q2,2021,санкт-петербург,15207,3200000
volkswagen,tharu,2023,санкт-петербург,3013,3651000
toyota,rav4,2023,санкт-петербург,5470,3707000
volkswagen,tayron,2023,санкт-петербург,3590,4430000
honda,odyssey,2020,санкт-петербург,48662,4649000
honda,odyssey,2021,санкт-петербург,46272,4649000
honda,odyssey,2022,санкт-петербург,46955,5465000
volkswagen,talagon,2022,санкт-петербург,15160,5599000
geely,coolray,2023,санкт-петербург,10100,2754990
geely,tugella,2022,санкт-петербург,23171,4359990
hongqi,hq9,2022,санкт-петербург,3497,7890000
hongqi,hq9,2022,санкт-петербург,2311,7890000
lada,largus,2017,самара,283310,620000
уаз,пикап,2021,кемерово,80000,699999
lada,largus,2017,набережные челны,197543,730000
уаз,профи,2018,москва,230697,755000
уаз,профи,2018,воронеж,150179,780000
уаз,профи,2018,москва,79018,785000
уаз,профи,2018,ростов-на-дону,99340,799000
газ,соболь,2022,уфа,101373,890000
газ,соболь,2023,москва,32935,1490000
газ,a31r32,2017,москва,89154,1535000
уаз,профи,2023,москва,34454,1550000
газ,соболь,2023,москва,18907,1560000
jac,t6,2022,сургут,92854,1585000
уаз,пикап,2023,кемерово,18869,1590000
уаз,пикап,2023,краснодар,4843,1600000
jac,t6,2022,сургут,71462,1625000
газ,gazelle,2021,санкт-петербург,82042,1630000
автомаш,2824pf,2017,москва,133743,1640000
lada,largus,2021,москва,101295,1640000
mitsubishi,l200,2017,смоленск,201901,1650000
уаз,профи,2023,томск,47531,1650000
уаз,профи,2024,челябинск,26091,1667000
уаз,профи,2024,москва,11865,1685000
mitsubishi,l200,2017,нижневартовск,179884,1690000
уаз,39094,2023,калуга,15026,1244000
lada,granta,2023,сургут,31119,1250000
уаз,профи,2022,москва,80513,1360000
уаз,профи,2022,москва,44875,1360000
уаз,профи,2022,москва,70920,1391000
уаз,профи,2023,тамбов,8652,1399000
уаз,профи,2023,абакан,8669,1480000
уаз,профи,2022,пятигорск,7719,1480000
вис-авто,lada,2022,сургут,65751,1020000
вис-авто,lada,2020,санкт-петербург,94269,1050000
lada,largus,2020,томск,32468,1050000
газ,соболь,2021,самара,172365,1050000
lada,largus,2020,воронеж,119064,1070000
газ,соболь,2020,москва,116084,1075000
газ,соболь,2022,набережные челны,62055,1150000
уаз,39094,2023,пермь,12881,1229000
great wall,wingle,2022,тюмень,51358,1800000
промтех,prima,2023,калуга,37741,1850000
луидор-тюнинг,3009z7,2017,санкт-петербург,421334,1850000
меткомплекс,jamn25,2022,москва,15063,1850000
great wall,wingle,2022,тюмень,58343,2000000
great wall,wingle,2022,тюмень,58459,2000000
спецавтомаш,278824,2022,казань,21233,2035000
автомаш,2824pe,2020,москва,119552,2035000
sollers,atlant,2023,пятигорск,47060,2070000
sollers,argo,2023,москва,7510,2090000
great wall,wingle,2022,кемерово,87899,2095000
lada,largus,2022,ставрополь,33879,2100000
sollers,argo,2023,москва,31355,2100000
sollers,argo,2023,москва,26870,2100000
sollers,argo,2023,москва,10244,2100000
great wall,poer,2022,красноярск,51724,2160000
цттм,аф-77aclj-01,2023,москва,139963,1704000
газ,gazelle,2021,нижний новгород,104275,1716000
газ,соболь,2023,москва,2025,1730000
уаз,профи,2024,москва,2746,1740000
уаз,профи,2023,москва,1848,1741000
газ,а32r32,2017,кемерово,136247,1774000
автомаш,2834pe,2021,москва,177174,1790000
great wall,wingle,2022,москва,85941,1790000
sollers,argo,2023,москва,21237,2260000
спецавтомаш,278814,2022,владимир,40315,2285000
peugeot,expert,2020,санкт-петербург,169485,2290000
sollers,argo,2023,москва,3149,2290000
газ,gazelle,2021,москва,63112,2300000
sollers,atlant,2023,москва,11860,2300000
great wall,poer,2021,братск,138802,2300000
промтех,dngf0h,2023,краснодар,11687,2300000
citroen,berlingo,2022,москва,119663,2340000
газ,a31r25,2020,чебоксары,60135,2340000
луидор-тюнинг,3009z7,2021,санкт-петербург,304291,2350000
газ,gazelle,2023,пятигорск,5447,2400000
peugeot,expert,2021,москва,162223,2422000
газ,gazelle,2023,москва,3660,2430000
газ,gazelle,2021,екатеринбург,109875,2450000
газ,gazelle,2021,москва,82934,2450000
sollers,argo,2023,нижний новгород,34762,2174100
citroen,berlingo,2021,москва,91645,2190000
sollers,argo,2023,нижний новгород,45408,2192100
sollers,argo,2023,москва,5212,2200000
новый завод,3009d9,2023,пенза,47831,2200000
great wall,poer,2021,братск,149322,2200000
белгаз,белава,2021,москва,44119,2250000
белгаз,белава,2021,москва,114475,2250000
sollers,atlant,2023,москва,15919,2530000
sollers,atlant,2023,москва,112460,2550000
great wall,poer,2023,благовещенск,31400,2561000
peugeot,expert,2021,москва,176811,2590000
dongfeng,df6,2023,москва,39114,2590000
mitsubishi,l200,2020,мурманск,203291,2600000
volkswagen,amarok,2017,москва,128571,2600000
новый завод,3009z7,2022,казань,43242,2650000
ford,transit,2022,хабаровск,226909,2470000
белгаз,белава,2021,москва,91720,2480000
автомаш,2824pe,2022,казань,107794,2490000
газ,gazelle,2021,москва,100231,2500000
sollers,atlant,2023,тула,43287,2500000
спецавтомаш,277768,2020,ростов-на-дону,135789,2500000
газ,gazelle,2023,москва,40320,2500000
газ,a31r32,2021,москва,92127,2520000
газ,sobol,2023,москва,10825,2990000
great wall,poer,2023,москва,17061,3000000
ford,transit,2018,краснодар,281387,3000000
sollers,atlant,2024,краснодар,883,3100000
цттм,fiat,2020,ростов-на-дону,242254,3100000
ford,transit,2020,ростов-на-дону,194671,3100000
автомаш,2824dh,2023,воронеж,73668,3115000
автомаш,2824dh,2023,воронеж,86184,3115000
новый завод,3009z7,2023,архангельск,202213,2670000
газ,gazelle,2023,новокузнецк,15992,2679800
ford,transit,2022,хабаровск,195536,2717500
газ,gazelle,2023,москва,4122,2750000
луидор-тюнинг,3009z7,2023,санкт-петербург,108756,2750000
газ,gazelle,2023,москва,33600,2750000
газ,gazelle,2022,краснодар,72478,2800000
газ,gazelle,2023,москва,31881,2850000
автомаш,2824de,2024,тула,779,3300000
автомаш,2824dj,2024,москва,18141,3350000
volkswagen,caddy,2022,москва,67006,3400000
peugeot,boxer,2021,москва,129630,3500000
цттм,dongfeng,2023,нижний новгород,65811,3750000
цттм,dongfeng,2023,москва,65027,3750000
цттм,dongfeng,2023,москва,75782,3750000
меткомплекс,z81112,2023,нижний новгород,79405,3750000
автомаш,2824pe,2021,тамбов,362484,2850000
новый завод,3009z7,2023,ульяновск,41869,2860000
автомаш,2824ne,2023,набережные челны,121732,2900000
автомаш,2824ne,2023,набережные челны,121849,2900000
mitsubishi,l200,2020,уфа,104191,2950000
ford,transit,2019,москва,77645,2950000
газ,gazelle,2021,санкт-петербург,54367,2977000
газ,gazelle,2023,москва,30956,2990000
цттм,dongfeng,2023,москва,62063,3950000
цттм,dongfeng,2023,санкт-петербург,36989,3990000
цттм,dongfeng,2023,москва,51497,4000000
цттм,dongfeng,2023,москва,47474,4000000
меткомплекс,z81112,2023,москва,39613,4100000
цттм,dongfeng,2023,москва,33830,4100000
цттм,dongfeng,2023,москва,19656,4150000
меткомплекс,z81112,2023,москва,98414,4150000
ford,transit,2021,москва,178561,3800000
ford,transit,2021,смоленск,118067,3800000
mercedes-benz,sprinter,2019,москва,51705,3900000
цттм,dongfeng,2023,санкт-петербург,19083,3900000
цттм,dongfeng,2023,москва,78580,3900000
цттм,dongfeng,2023,москва,57985,3900000
цттм,аф-371600-02,2023,ставрополь,210084,3900000
цттм,dongfeng,2023,москва,59142,3930000
меткомплекс,z81112,2023,москва,91316,4170000
меткомплекс,z81112,2023,санкт-петербург,38146,4200000
меткомплекс,z81112,2023,москва,65856,4220000
ford,transit,2022,рязань,93265,4300000
peugeot,partner,2023,москва,10,4300000
volkswagen,amarok,2019,ижевск,160326,4385000
peugeot,expert,2023,москва,14256,4750000
fiat,ducato,2022,москва,10,5000000
белгаз,белава,2021,,138603,2599000
новый завод,3009a3,2022,,122237,2649000
газ,gazelle,2021,,94116,2677000
ford,transit,2019,,115709,2725000
газ,gazelle,2022,,14853,2800000
mitsubishi,l200,2019,новосибирск,133174,2835000
новый завод,3009z7,2022,,155599,2899000
ford,transit,2019,воронеж,341930,2990000
ram,1500,2023,новокузнецк,15465,10700000
уаз,фургон,2022,,12800,1077000
газ,2705,2021,москва,36848,1630000
fiat,doblo,2020,,151336,1849000
промтех,lrgs0e3,2022,,117651,1899000
jac,n56,2017,,218746,2399000
автомаш,2824de,2022,москва,85972,2590000
автомаш,2834ne,2022,москва,123147,2590000
peugeot,expert,2021,,259886,2999000
новый завод,3009z6,2021,москва,230896,3000000
газ,gazelle,2022,москва,162941,3000000
ford,transit,2018,москва,156000,3080000
ford,transit,2020,москва,112000,3180000
исток,3797tg,2022,москва,95076,3200000
ford,transit,2018,москва,147408,3280000
ford,transit,2021,,121225,3385000
jac,t9,2024,воронеж,2321,3390000
газ,gazelle,2022,,94144,3399000
ford,transit,2021,москва,91885,3430000
volkswagen,caddy,2020,,25,3500000
ford,transit,2015,москва,46800,3580000
ford,transit,2019,,122533,3699000
ford,transit,2021,москва,81140,3720000
fiat,ducato,2020,москва,119000,3790000
газ,gazelle,2019,москва,212711,2280000
газ,gazelle,2017,москва,289556,2350000
fiat,ducato,2016,москва,301455,2350000
газ,gazelle,2021,москва,82395,2890000
газ,gazelle,2022,москва,145366,2950000
ford,transit,2019,москва,182081,3190000
ford,transit,2019,москва,202689,3250000
ford,transit,2020,москва,146257,3250000
ford,transit,2020,москва,131000,3870000
sollers,atlant,2021,саратов,2,3886000
peugeot,boxer,2021,москва,60180,4150000
ford,transit,2021,москва,110000,4270000
ford,transit,2019,москва,106000,4290000
peugeot,boxer,2021,москва,83000,4850000
iveco,daily,2022,воронеж,10000,4900000
цттм,dongfeng,2024,нижний новгород,1000,5100000
газ,gazelle,2021,москва,124051,3280000
газ,gazelle,2021,москва,91988,3280000
газ,gazelle,2021,москва,150680,3280000
газ,gazelle,2022,москва,105973,3300000
газ,gazelle,2022,москва,73343,3320000
газ,gazelle,2022,москва,69275,3350000
ford,transit,2020,москва,146922,3350000
газ,gazelle,2021,москва,68067,3400000
volkswagen,crafter,2020,москва,84647,5250000
peugeot,boxer,2023,воронеж,2227,5800000
great wall,poer,2023,,50,6089000
iveco,daily,2023,москва,67122,6490000
dongfeng,captain-t,2024,,700,6800000
toyota,hilux,2023,,50,10610000
toyota,hilux,2023,,50,10824000
toyota,tundra,2024,,50,17528000
газ,gazelle,2022,москва,151884,3600000
газ,gazelle,2023,москва,16360,3850000
ford,transit,2021,москва,209826,3980000
ford,transit,2021,москва,201376,3990000
газ,gazelle,2023,москва,33030,4050000
ford,transit,2021,москва,115293,4100000
ford,transit,2021,москва,154948,4180000
газ,gazelle,2023,москва,12369,4200000
ford,transit,2021,москва,125881,4250000
ford,transit,2021,москва,57663,4500000
ford,transit,2022,москва,97829,4500000
ford,transit,2022,москва,51207,5200000
ford,transit,2022,москва,17222,5600000
газ,gazelle,2020,мытищи,127000,3300000
камаз,5490-s5,2016,смоленск,909126,1950000
камаз,5490-s5,2016,смоленск,903689,1980000
камаз,6520-43,2017,москва,62361,2000000
камаз,5490-s5,2016,москва,815692,2140000
камаз,5490-s5,2017,ростов-на-дону,1127722,2160000
shacman,sx3318dt366,2021,сургут,283213,2266000
камаз,6520-43,2017,москва,127017,2300000
shacman,sx3256dr384,2017,новокузнецк,263700,2385000
автомаш,2824fu,2020,казань,223989,2970000
камаз,5490-s5,2017,москва,974842,2990000
"мытищинский приборостроительный завод, мпз оао ",gh8jptg-thr,2015,брянск,931550,3000000
камаз,5490-s5,2017,пятигорск,745165,3000000
планета,552910,2017,пенза,193993,3050000
маз,650128,2022,москва,79647,3100000
faw,j6,2021,новокузнецк,275913,3120000
камаз,5490-s5,2017,владивосток,432876,3124500
маз,650128,2022,москва,135118,3130000
камаз,5490-s5,2017,москва,851150,3145000
камаз,6520-53,2021,москва,48648,3150000
камаз,5490-s5,2017,москва,736493,3170000
луидор-тюнинг,3010gd,2020,москва,109980,3170000
камаз,5490-s5,2017,москва,783176,3200000
man,tgs,2013,пенза,1465509,3200000
камаз,6520-53,2022,санкт-петербург,80654,3250000
автомаш,2824f5,2021,санкт-петербург,37265,2400000
faw,j6,2018,астрахань,144138,2500000
луидор-тюнинг,3010ga,2018,набережные челны,473139,2530000
камаз,65206-t5,2016,нижний новгород,700000,2550000
энерготехпром-инвест,653514,2018,пенза,415748,2590000
цттм,isuzu,2016,брянск,835687,2600000
"завод асавто, ооо",338245,2021,нижний новгород,36981,2650000
камаз,5490-s5,2017,краснодар,783611,2680000
faw,j6,2021,новокузнецк,263559,3315000
маз,650128,2022,москва,125034,3350000
faw,j6,2021,новосибирск,312694,3350000
маз,650128,2022,москва,106787,3400000
маз,650128,2022,москва,136506,3400000
луидор,3010,2019,москва,14847,3400000
man,tgs,2011,краснодар,935667,3400000
камаз,5490-dc,2019,краснодар,676156,3400000
камаз,5490-s5,2018,ставрополь,629943,2700000
shacman,sx33186t366,2021,новокузнецк,165004,2700000
shacman,sx3318dt366,2021,благовещенск,62755,2700000
jac,n120,2019,самара,366751,2730000
маз,650128,2022,уфа,98910,2750000
камаз,5490-s5,2018,москва,785941,2750000
рустрак,5389t1,2021,тверь,190630,2790000
камаз,5490-s5,2017,краснодар,605829,2830000
isuzu,elf,2023,благовещенск,156,2830000
автомаш,2824fu,2019,москва,126779,2840000
автомеханический завод (нижегор. обл.),47506a,2020,курган,296108,2844000
рустрак,5389r2,2019,рязань,482402,2850000
камаз,5490-s5,2017,ставрополь,651375,2850000
камаз,6520-53,2021,москва,95730,2850000
камаз,5490-s5,2017,ростов-на-дону,925447,2900000
камаз,5490-s5,2017,владивосток,742536,2924500
faw,j6,2022,уфа,99973,3500000
shacman,sx32586r384,2021,тула,269470,3500000
faw,j6,2022,пермь,105960,3550000
маз,650128,2022,пермь,98153,3550000
новый завод,3080d4,2022,набережные челны,186104,3590000
faw,j6,2022,уфа,147227,3599000
jac,n350,2021,ростов-на-дону,183532,3600000
автомеханический завод (нижегор. обл.),47883a,2019,брянск,279813,3600000
shacman,sx33186t366c,2021,москва,88192,3635000
камаз,54901-004-94,2021,санкт-петербург,339896,3640000
faw,j6,2018,красноярск,88564,3644000
faw,j6,2022,уфа,123779,3650000
камаз,6520-53,2022,москва,90858,3690000
faw,j6,2022,уфа,75645,3695000
faw,j6,2022,уфа,75068,3699000
автомаш,2824fu,2021,москва,68327,3700000
камаз,5490-s5,2018,москва,450000,3250000
shacman,sx33186t366,2021,новокузнецк,157231,3250000
howo,zz3407s3867e,2021,магнитогорск,216703,3250000
daf,ft,2013,смоленск,1130032,3250000
faw,j6,2021,кемерово,249533,3250000
mitsubishi fuso,canter,2021,кемерово,279677,3290000
маз,650128,2022,пермь,74596,3290000
маз,544028,2020,самара,372317,3300000
урал,55571-5121-72,2022,братск,19821,3700000
howo,zz3407s3867e,2022,тюмень,109582,3700000
faw,j6,2020,санкт-петербург,126705,3740000
спецавтомаш,279764,2022,москва,20815,3750000
shacman,sx3258dr384,2021,воронеж,143857,3790000
урал,55571-5121-72,2022,братск,31400,3800000
автомаш,2824ln,2022,москва,202627,3800000
shacman,sx33186t366,2021,омск,321323,3800000
faw,j6,2022,москва,156228,3400000
faw,j6,2021,кемерово,225018,3400000
маз,650128-8570-000,2022,пермь,78395,3450000
камаз,к5042,2020,пермь,320718,3450000
faw,j6,2020,владимир,170923,3490000
volvo,fm-truck,2012,ростов-на-дону,1663287,3490000
"завод асавто, ооо",338245,2021,нижний новгород,45600,3490000
faw,j6,2022,уфа,98185,3499000
маз,6430c9-520-012,2020,сургут,250000,3800000
howo,zz3327s3847e,2021,ростов-на-дону,111610,3850000
faw,j6,2022,уфа,143951,3899000
hongyan,908,2022,челябинск,216133,3900000
faw,j6,2022,санкт-петербург,86519,3900000
howo,zz3327s3847e,2022,тюмень,64475,3900000
faw,ca3310p66k24t4e5,2022,санкт-петербург,176794,3900000
газ,valdai,2023,сургут,31981,3900000
новый завод,3080d4,2022,пермь,261962,3900000
howo,t5g,2021,сургут,220112,3925000
камаз,65206-t5,2018,ростов-на-дону,427833,3950000
mercedes-benz,actros,2015,кемерово,812052,3950000
камаз,6520-53,2022,набережные челны,58150,3968000
рустрак,538932,2022,санкт-петербург,165721,3990000
новый завод,3008d4,2023,набережные челны,127013,3990000
новый завод,3080d4,2022,тверь,98293,4000000
faw,j6,2022,ростов-на-дону,171360,4000000
faw,j6,2021,ростов-на-дону,128456,4000000
shacman,sx33186t366,2021,ростов-на-дону,277820,4000000
faw,j6,2021,ростов-на-дону,137735,4000000
камаз,t2230,2022,санкт-петербург,7386,4040000
камаз,t2230,2022,санкт-петербург,5217,4040000
камаз,t2230,2022,санкт-петербург,4790,4050000
faw,j6,2021,энгельс,78228,4050000
камаз,5490-s5,2020,челябинск,599656,4070000
howo,zz3327s3847e,2022,тюмень,79947,4100000
камаз,к3440,2022,псков,17946,4100000
faw,j6,2022,ростов-на-дону,211235,4120000
daf,ft,2016,брянск,1949973,4150000
камаз,54901-004-94,2021,санкт-петербург,346465,4150000
спецавтомаш,279764,2022,москва,43379,4150000
автомеханический завод (нижегор. обл.),47251a,2023,москва,83949,4150000
howo,zz3407s3867e,2022,тюмень,116924,4170000
автомеханический завод (нижегор. обл.),47013a,2021,краснодар,270551,4190000
рустрак,5389r1,2021,москва,226088,4200000
камаз,t1840,2019,санкт-петербург,78709,4200000
faw,j6,2021,кемерово,133266,4200000
shacman,sx33186t366,2021,курган,213062,4221000
shacman,sx3258dr384,2021,сургут,150000,4247000
маз,5440c9,2021,санкт-петербург,264838,4250000
howo,zz3407s3867e,2021,набережные челны,185443,4250000
маз,5440c9,2021,санкт-петербург,264838,4250000
камаз,65222-53,2021,москва,50535,4250000
маз,5440c5,2021,сургут,60000,4272000
shacman,sx32586t384c,2021,тольятти,143346,4300000
hongyan,908,2022,ростов-на-дону,111511,4300000
камаз,5490-dc,2019,самара,182294,4300000
faw,j6,2022,ростов-на-дону,145340,4300000
shacman,sx3258dr384,2022,сургут,156736,4367000
faw,j6,2023,уфа,49468,4390000
faw,j6,2022,ростов-на-дону,91834,4400000
faw,j6,2022,ростов-на-дону,139636,4400000
faw,j6,2021,энгельс,65040,4400000
shacman,sx32586t384,2021,санкт-петербург,178943,4400000
isuzu,elf,2022,тюмень,11250,4405000
faw,j6,2022,кемерово,190869,4430000
faw,j6,2022,ростов-на-дону,184202,4300000
faw,j6,2022,ростов-на-дону,139636,4300000
faw,j6,2022,ростов-на-дону,157697,4300000
faw,j6,2022,калуга,138302,4300000
howo,zz3327s3847e,2022,челябинск,68515,4328000
howo,zz3407s3867e,2021,уфа,146064,4350000
faw,j6,2022,кемерово,208551,4350000
shacman,sx3258dr384,2022,сургут,175113,4352000
howo,zz3327s3847e,2022,тольятти,111896,4450000
камаз,t1840,2021,абакан,340783,4480000
faw,j6,2022,ростов-на-дону,79277,4500000
shacman,sx331863366,2022,уфа,95184,4500000
камаз,k3340,2023,санкт-петербург,15260,4500000
howo,zz3327s3847e,2022,тольятти,114193,4500000
цттм,dongfeng,2023,москва,47827,4500000
цттм,dongfeng,2023,москва,24292,4500000
shacman,sx3258dt384c,2021,москва,154855,4590000
камаз,6580,2021,москва,130731,4600000
камаз,t2230,2022,санкт-петербург,3814,4600000
камаз,t2230,2022,челябинск,20000,4600000
камаз,t1840,2019,санкт-петербург,141680,4600000
faw,j6,2022,москва,57790,4600000
faw,j6,2022,кемерово,132668,4605000
shacman,sx331863366,2022,новый уренгой,138524,4616000
камаз,5490-s5,2018,санкт-петербург,61884,4500000
цттм,аф-77aalj-02,2022,тверь,179729,4500000
цттм,аф-77aalj-02,2022,тверь,190349,4500000
меткомплекс,n11121,2022,калуга,244226,4500000
faw,j6,2021,абакан,40000,4540000
howo,zz3327s3847e,2022,тольятти,114451,4550000
howo,zz3327s3847e,2022,тольятти,111588,4550000
faw,j6,2023,уфа,56175,4590000
shacman,sx42584w324c,2022,москва,166327,4620000
цттм,dongfeng,2023,москва,28216,4650000
цттм,dongfeng,2023,москва,47605,4650000
цттм,dongfeng,2023,москва,69851,4650000
faw,ca3310p66k24t4e5,2022,набережные челны,175521,4650000
цттм,dongfeng,2023,москва,74109,4650000
цттм,dongfeng,2023,москва,99786,4650000
цттм,dongfeng,2023,москва,84817,4650000
цттм,dongfeng,2023,москва,54018,4650000
shacman,sx33186t366,2021,москва,167454,4650000
howo,zz3407s3867e,2022,набережные челны,149648,4675000
цттм,аф-475400,2023,москва,44625,4680000
faw,j6,2023,уфа,55980,4699000
цттм,аф-475400,2023,москва,47278,4700000
shacman,sx331863366,2022,санкт-петербург,148501,4700000
цттм,dongfeng,2023,тверь,69930,4700000
камаз,m1840,2021,москва,491170,4750000
камаз,m1840,2021,москва,420920,4790000
shacman,sx33186w366c,2022,краснодар,273358,4800000
volvo,fm-truck,2013,ростов-на-дону,1463677,4800000
shacman,sx32586v385,2022,нижневартовск,174536,4850000
маз,643008,2022,красноярск,57030,4855400
shacman,sx32586v385,2022,нижневартовск,153036,4867000
faw,ca3310p66k24t4e5,2023,благовещенск,103585,4886400
камаз,m1945,2020,москва,508337,5000000
faw,j6,2023,уфа,49931,5050000
howo,zz3407s3867e,2021,магнитогорск,179526,5078000
shacman,sx42584v324,2022,улан-удэ,172881,5095000
планета,552907,2020,ставрополь,263868,5100000
планета,552907,2020,ставрополь,224080,5100000
камаз,6580,2021,москва,158106,5100000
меткомплекс,j11112,2023,санкт-петербург,44884,5100000
камаз,m1840,2021,нижний новгород,222161,4900000
shacman,sx33186w366c,2022,энгельс,82619,4900000
shacman,sx33186w366c,2022,энгельс,74685,4900000
shacman,sx33186t366,2021,сургут,240395,4942000
камаз,t2530,2022,тюмень,10711,4942000
новый завод,3010ga,2023,воронеж,68993,4990000
цттм,аф-77aalj-02,2022,калуга,246271,5000000
рустрак,dongfeng,2023,санкт-петербург,33145,5000000
shacman,sx3258dt384c,2022,владимир,125450,5121000
faw,j6,2023,энгельс,122523,5145000
камаз,54901-004-94,2020,санкт-петербург,414295,5200000
камаз,45143,2022,пятигорск,64415,5200000
shacman,sx331863366,2022,кемерово,180806,5210000
faw,j6,2023,энгельс,111044,5225000
hongyan,cq4256htvg334,2022,уфа,171881,5250000
faw,j6,2022,кемерово,80348,5280000
faw,j6,2022,красноярск,69087,5288600
камаз,m1945,2021,казань,420924,5295000
shacman,sx33186w366c,2022,санкт-петербург,133215,5300000
shacman,sx33186w366c,2022,санкт-петербург,98247,5300000
shacman,sx331863366,2022,санкт-петербург,141554,5300000
foton,auman,2023,санкт-петербург,162195,5300000
камаз,65222-53,2021,ростов-на-дону,54872,5300000
камаз,65222-53,2021,ростов-на-дону,44510,5300000
камаз,65222-53,2021,ростов-на-дону,44,5300000
faw,j6,2022,красноярск,88877,5346800
меткомплекс,j11112,2023,тула,35903,5350000
peugeot,boxer,2022,москва,10,5350000
faw,j6,2023,липецк,39796,5390000
урал,55571-5121-72,2022,санкт-петербург,10290,5400000
howo,t5g,2022,тольятти,128873,5400000
faw,j6,2023,ростов-на-дону,84406,5400000
shacman,sx33186v366,2022,санкт-петербург,117000,5400000
shacman,sx331863366,2022,красноярск,100728,5438800
faw,j6,2022,красноярск,69816,5497800
shacman,sx33186w366c,2022,санкт-петербург,90555,5500000
камаз,k3340,2023,санкт-петербург,8964,5500000
peugeot,boxer,2024,москва,10,5500000
shacman,sx33186v366,2022,санкт-петербург,80012,5500000
энерготехпром-инвест,653514,2022,ростов-на-дону,74000,5500000
камаз,m1840,2022,кемерово,200000,5535000
камаз,6580,2021,москва,74272,5574000
камаз,m1945,2022,екатеринбург,147067,5591000
faw,j6,2023,благовещенск,80027,5598800
sitrak,c7h,2022,москва,305836,5600000
foton,auman,2023,санкт-петербург,171131,5600000
foton,auman,2022,ростов-на-дону,154447,5600000
камаз,m1840,2022,москва,346950,5600000
faw,j6,2023,благовещенск,95850,5612800
faw,j6,2023,благовещенск,64386,5624300
faw,j6,2023,благовещенск,91000,5624800
faw,ca3310p66k24t4e5,2023,новокузнецк,51978,5625000
faw,ca3310p66k24t4e5,2023,новокузнецк,65177,5625000
faw,ca3310p66k24t4e5,2023,новокузнецк,65075,5625000
foton,auman,2023,краснодар,126694,5700000
foton,auman,2023,краснодар,177243,5700000
foton,auman,2023,пермь,167399,5700000
foton,auman,2023,краснодар,95894,5700000
foton,auman,2023,краснодар,126694,5700000
foton,auman,2023,краснодар,177243,5700000
shacman,sx331863366,2022,ростов-на-дону,89129,5700000
foton,auman,2023,краснодар,135799,5700000
foton,auman,2023,краснодар,160085,5700000
foton,auman,2023,краснодар,115852,5700000
камаз,m1945,2022,ижевск,286708,5700000
foton,auman,2023,пермь,167399,5700000
foton,auman,2023,краснодар,95894,5700000
маз,643028,2022,омск,120000,5710500
mercedes-benz,actros,2016,москва,922525,5730000
hongyan,908,2023,санкт-петербург,84377,5750000
hongyan,908,2023,санкт-петербург,43947,5750000
shacman,sx331863366,2022,набережные челны,140000,5750000
shacman,sx33186v366,2022,набережные челны,100000,5750000
faw,ca3310p66k24t4e5,2023,благовещенск,110722,5798900
маз,643028-570-020,2022,ростов-на-дону,4563,5800000
маз,643028,2022,ростов-на-дону,26965,5800000
shacman,sx331863366,2022,энгельс,74722,5800000
shacman,sx331863366,2022,набережные челны,105789,5800000
shacman,sx331863366,2022,набережные челны,100000,5800000
mercedes-benz,actros,2016,москва,1090384,5800000
mercedes-benz,actros,2016,москва,1044984,5900000
shacman,sx33186v366,2022,новосибирск,76223,5900000
faw,j6,2023,благовещенск,58598,5947000
shacman,sx33186t366,2022,кемерово,108249,5949000
sitrak,c7h,2022,москва,142688,5950000
foton,auman,2023,екатеринбург,135900,5957000
faw,j6,2023,благовещенск,54938,5996800
foton,auman,2023,екатеринбург,115380,5998000
scania,p400cb6x6ehz,2017,краснодар,573312,5800000
shacman,sx331863366,2022,санкт-петербург,96974,5800000
foton,auman,2023,москва,119139,5800000
sitrak,c7h,2022,краснодар,196081,5800000
mercedes-benz,actros,2016,москва,973966,5820000
faw,ca3310p66k24t4e5,2023,благовещенск,42695,5824800
урал,55571-80,2021,москва,10171,5850000
faw,j6,2023,пермь,31511,5866000
камаз,m1945,2023,курган,46969,5998000
камаз,m1945,2023,курган,62981,5998000
shacman,sx33186v366,2022,набережные челны,77934,6000000
scania,p440cb6x6ehz,2017,краснодар,481736,6000000
scania,p400cb6x6ehz,2017,краснодар,636223,6000000
scania,p400cb6x6ehz,2017,калуга,600683,6000000
scania,p400cb6x6ehz,2017,краснодар,584811,6000000
hongyan,908,2023,ставрополь,37318,6000000
scania,p400cb6x6ehz,2017,калуга,600683,6000000
scania,p400cb6x6ehz,2017,краснодар,584811,6000000
hongyan,908,2023,ставрополь,37318,6000000
hongyan,908,2023,ставрополь,38904,6000000
foton,auman,2023,краснодар,78700,6000000
mercedes-benz,actros,2017,санкт-петербург,569626,6039000
shacman,sx331863366,2022,калуга,126618,6050000
foton,auman,2023,воронеж,148696,6050000
shacman,sx32586v384,2023,уфа,65485,6230000
daf,ft,2017,москва,588720,6250000
dayun,cgc1120d,2023,новочебоксарск,51367,6290000
маз,643028,2023,москва,21089,6290000
hongyan,cq3406hv43,2023,ставрополь,64253,6300000
hongyan,cq3406hv43,2023,ставрополь,58036,6300000
hongyan,cq3406hv43,2023,ставрополь,53472,6300000
faw,jh6,2023,воронеж,73969,6400000
sitrak,c7h,2022,новосибирск,149013,6050000
shacman,sx331863366,2022,кемерово,157083,6080000
нефаз,камаз,2022,ростов-на-дону,65776,6100000
faw,jh6,2023,липецк,23573,6100000
faw,j6,2023,благовещенск,27630,6153000
foton,auman,2023,москва,212782,6200000
sitrak,c7h,2022,ростов-на-дону,129741,6200000
sitrak,c7h,2023,краснодар,141954,6200000
faw,jh6,2023,воронеж,82951,6400000
shacman,sx331863366,2022,энгельс,91265,6400000
sitrak,c7h,2023,краснодар,91629,6400000
faw,ca3310p66k24t4e5,2023,казань,42170,6440000
sitrak,c7h,2023,ижевск,165652,6446000
sitrak,c7h,2023,ижевск,164685,6446000
sitrak,c7h,2023,ижевск,163620,6446000
sitrak,c7h,2023,ижевск,127412,6449000
faw,jh6,2023,москва,108957,6450000
sitrak,c7h,2023,ижевск,140552,6496000
sitrak,c7h,2023,ижевск,130275,6496000
sitrak,c7h,2023,ижевск,115131,6499000
камаз,54901-004-94,2022,воронеж,143250,6500000
shacman,sx42584v324,2023,уфа,54336,6500000
sitrak,c7h,2023,пенза,144530,6500000
faw,jh6,2023,воронеж,61314,6500000
камаз,m1842,2022,калуга,209514,6500000
hongyan,908,2023,ставрополь,60433,6500000
sitrak,c7h,2022,кемерово,137105,6512000
howo,t5g,2023,энгельс,101068,6550000
shacman,sx32586t385,2022,тюмень,104162,6587000
faw,jh6,2023,воронеж,60132,6600000
faw,jh6,2023,воронеж,55257,6600000
ford,f-max,2021,москва,217149,6670000
камаз,m1840,2022,ростов-на-дону,66602,6800000
sitrak,c7h,2021,пятигорск,213996,6800000
sitrak,c7h,2021,пятигорск,206926,6800000
sitrak,c7h,2021,пятигорск,206572,6800000
shacman,sx331863366,2023,энгельс,79070,6800000
shacman,sx331863366,2023,энгельс,97802,6800000
shacman,sx331863366,2023,энгельс,89666,6800000
shacman,sx331863366,2022,энгельс,82738,6800000
faw,jh6,2023,калуга,84072,6700000
камаз,5490-s5,2022,ростов-на-дону,177461,6720000
shacman,sx42584v324,2023,магнитогорск,50480,6749000
sitrak,c7h,2023,краснодар,38868,6750000
faw,jh6,2023,воронеж,49435,6750000
sitrak,c7h,2023,южно-сахалинск,70324,6789400
man,tgx,2019,воронеж,768658,6799000
volvo,fh,2015,москва,822845,6800000
beiben,bbtr1848,2023,санкт-петербург,9868,6900000
sitrak,c7h,2023,ростов-на-дону,88282,6900000
foton,auman,2023,казань,24085,6935000
foton,auman,2023,казань,33216,6950000
foton,auman,2023,казань,32635,6950000
foton,auman,2023,казань,17870,6950000
dongfeng,dfh4180,2022,воронеж,161551,6950000
sitrak,c7h,2023,москва,59850,6990000
sitrak,c7h,2023,сыктывкар,81429,6999000
урал,44202-82,2023,сургут,56908,7000000
faw,jh6,2023,калуга,77240,7000000
hongyan,908,2023,ульяновск,60000,7050000
hongyan,908,2023,ульяновск,50091,7050000
faw,jh6,2023,ростов-на-дону,50140,7100000
man,tgx,2018,ростов-на-дону,598208,7150000
shacman,sx42586v385,2023,хабаровск,32547,7150000
"завод асавто, ооо",338207-02,2022,ростов-на-дону,10037,7300000
faw,j7,2023,краснодар,73855,7300000
dongfeng,dfh4180,2022,воронеж,84385,7400000
faw,j7,2023,липецк,43262,7450000
daf,ft,2020,москва,607996,7500000
foton,auman,2022,тула,92586,7600000
howo,zz3327s3847e,2023,тюмень,4027,7656000
dongfeng,dfh4180,2023,казань,159120,7662000
dongfeng,dfh4180,2023,казань,170173,7662000
dongfeng,dfh4180,2023,казань,167773,7662000
dongfeng,dfh4180,2023,казань,164327,7682000
dongfeng,dfh4180,2023,казань,165313,7682000
dongfeng,dfh4180,2023,казань,171061,7682000
sitrak,c7h,2022,красноярск,197613,7698500
shacman,sx4188yy381,2023,саранск,86165,7800000
scania,r440a4x2na,2018,санкт-петербург,1036702,7900000
shacman,sx33186w366c,2023,благовещенск,5506,8664500
sitrak,c7h,2022,киров,73879,8670000
daf,xf,2021,москва,622252,8700000
цттм,аф-77zz11-hs-02,2023,ставрополь,66119,8700000
daf,xf,2021,москва,581177,8850000
sitrak,c7h,2023,благовещенск,34710,8900000
volvo,fh-truck,2018,казань,673563,8950000
volvo,fh-truck,2018,казань,663567,8950000
man,tgx,2017,тула,680386,7940000
sitrak,zz4256v324hf1b,2023,уфа,8396,7990000
sitrak,zz4256v324hf1b,2023,уфа,8149,7999000
faw,j7,2023,пенза,60776,8050000
цттм,аф-77adlj-02,2022,пермь,230152,8180000
iveco,stralis,2022,владивосток,208046,8250000
faw,ca4250p77k25t1e5,2023,красноярск,57142,8422800
shacman,sx33186w366c,2023,благовещенск,3418,8664500
man,tgs,2018,калининград,166135,9000000
man,tgs,2018,калининград,176117,9000000
цттм,аф-77zz11-hs-02,2023,ставрополь,34858,9000000
цттм,аф-77zz11-hs-02,2024,краснодар,24466,9000000
sitrak,c7h,2022,киров,69565,9090000
sitrak,c7h,2022,киров,62989,9250000
man,tgs,2018,калининград,186662,9300000
цттм,daewoo,2022,краснодар,86498,9300000
daf,xf,2021,челябинск,488905,9300000
промавто,промавто,2024,ставрополь,21766,9500000
isuzu,fvr,2022,нижний новгород,175717,9500000
sitrak,c7h,2023,ростов-на-дону,47945,9600000
man,tgx,2021,набережные челны,550438,9700000
grunwald,grw,2023,москва,22990,10100000
volvo,fh,2018,хабаровск,596856,10340000
volvo,fh-truck,2020,санкт-петербург,505000,11400000
mercedes-benz,actros,2021,набережные челны,350000,11590000
daf,xg,2022,москва,214364,11600000
daf,xg,2022,москва,145395,11800000
volvo,fh-truck,2018,екатеринбург,544132,12458000
volvo,fh,2021,пенза,347100,12500000
man,tgx,2023,москва,64648,12800000
volvo,fh,2021,красноярск,402173,14199800
"бецема, зао",бцм-126,2022,набережные челны,115675,17400000
камаз,5490-s5,2017,нижний новгород,856772,2900000
камаз,5490-s5,2017,нижний новгород,727568,2900000
камаз,5490-s5,2017,нижний новгород,855778,2900000
камаз,5490-s5,2017,нижний новгород,778335,2900000
камаз,5490-s5,2017,нижний новгород,834569,2900000
камаз,5490-s5,2017,нижний новгород,898567,2900000
камаз,5490-s5,2017,нижний новгород,961217,2900000
камаз,5490-s5,2017,нижний новгород,751247,2900000
"бецема, зао",бцм-126,2022,набережные челны,122583,17400000
sitrak,c7h,2021,домодедово,0,10900
камаз,5490-s5,2017,нижний новгород,986775,2900000
камаз,5490-s5,2017,нижний новгород,957336,2900000
камаз,5490-s5,2017,нижний новгород,888653,2900000
камаз,5490-s5,2017,нижний новгород,856772,2900000
камаз,5490-s5,2017,нижний новгород,727568,2900000
камаз,5490-s5,2017,нижний новгород,855778,2900000
камаз,5490-s5,2017,нижний новгород,950114,2900000
камаз,5490-s5,2017,нижний новгород,850247,2900000
камаз,5490-s5,2017,нижний новгород,852447,3200000
камаз,6520,2022,,58000,4490000
камаз,5490-s5,2020,,816806,4600000
камаз,5490-s5,2020,,679000,4800000
камаз,5490-s5,2020,,199999,4900000
камаз,5490-s5,2020,,302000,4900000
камаз,43255-g5,2024,барнаул,2700,5600000
shacman,sx31888k401c,2024,набережные челны,6869,5900000
dayun,cgc1120d,2023,набережные челны,8624,6000000
mercedes-benz,actros,2017,мытищи,920000,6200000
mercedes-benz,actros,2017,красногорск,1128000,6200000
faw,j6,2023,уфа,53000,6350000
камаз,65116-a5,2024,смоленск,50,6400000
mercedes-benz,actros,2017,москва,1087351,6400000
камаз,5490-s5,2020,,200000,4900000
камаз,5490-s5,2020,,200000,4900000
камаз,5490-s5,2020,,382194,4999000
man,tgs,2016,москва,1315436,5000000
камаз,5490-s5,2021,,413000,5200000
man,tgs,2017,москва,1328105,5200000
man,tgs,2017,москва,1304606,5500000
man,tgs,2017,москва,1006889,5500000
mercedes-benz,actros,2017,москва,1087351,6400000
mercedes-benz,actros,2018,набережные челны,1059000,6500000
камаз,65116-a5,2024,барнаул,2700,6500000
спецмобиль-нн,28184-0000010-92,2024,,700,6600000
маз,544028,2024,нижний новгород,1300,6600000
hongyan,cq4186hv52,2023,белгород,82239,6670000
isuzu,fvr,2020,,534000,6700000
faw,j7,2023,набережные челны,94283,6700000
кран центр камаз,659205,2024,барнаул,2750,6800000
foton,aumark,2024,,550,6834000
faw,j7,2023,набережные челны,136357,6850000
shacman,sx331863366,2022,уфа,58227,6850000
урал,c35510,2023,новый уренгой,2800,6850000
shacman,sx33186t366,2022,уфа,79000,6890000
sitrak,c7h,2023,уфа,88995,6890000
sitrak,c7h,2023,набережные челны,35321,6900000
камаз,45143-5h,2024,барнаул,2700,7400000
shacman,sx32586v384,2023,набережные челны,32800,7400000
isuzu,ql5110xlcanmaj,2024,москва,8302,7450000
foton,auman,2023,белгород,11415,7490000
isuzu,ql5110xlcanpaj,2024,москва,8169,7670000
shacman,sx42584v324,2022,челябинск,3000,7700000
shacman,sx42584v324,2022,челябинск,3000,7700000
man,tgx,2017,москва,990538,7800000
shacman,sx4188yy381,2022,уфа,87893,6950000
рустрак,рустрак,2024,,700,6950000
mercedes-benz,actros,2017,москва,1219558,7000000
faw,j7,2023,набережные челны,91610,7000000
foton,auman,2023,белгород,88235,7130000
mercedes-benz,actros,2018,красногорск,956000,7200000
камаз,4308-g5,2024,,1,7320000
нефаз,камаз,2024,барнаул,2750,7350000
mercedes-benz,actros,2018,москва,1266135,7800000
рустрак,4388a2,2024,березовский,900,7800000
man,tgx,2018,москва,746353,7900000
sany,syz320c-8s(v),2023,москва,10793,7900000
chenglong,lz4181h7ab,2023,москва,1000,7990000
shacman,sx3258dr384,2024,набережные челны,3254,8000000
shacman,sx42584w324c,2023,набережные челны,5978,8000000
камаз,k4140,2024,барнаул,2700,8200000
sitrak,zz4186v391he,2024,,7000,8200000
маз,65012j-8535-000,2024,нижний новгород,1300,8200000
sitrak,c7h,2024,,10000,8200000
shacman,sx3258dr384,2023,челябинск,2600,8220000
foton,auman,2024,,560,8300000
hongyan,cq4186hv52,2023,,1000,8350000
howo,zz3327s3847e,2023,пермь,6000,8350000
hongyan,cq4186hv52,2023,,1000,8350000
sitrak,c7h,2024,магнитогорск,6000,8350000
faw,jh6,2024,,4500,8490000
shacman,sx42584v324,2024,челябинск,1234,8500000
маз,6312c5,2024,нижний новгород,1400,8500000
shacman,sx42584v324,2024,самара,5300,8540000
shacman,sx32586v384,2023,набережные челны,2630,8700000
shacman,sx32586v384,2023,набережные челны,2845,8700000
dongfeng,dfh4180,2024,челябинск,8000,8780000
shacman,sx3258dt385,2022,челябинск,3500,8800000
shacman,sx4188yy381,2024,самара,5100,8890000
sany,hqc240de,2024,санкт-петербург,5000,8900000
shacman,sx32586v384,2024,набережные челны,3133,8950000
shacman,sx4188yy381,2024,уфа,3500,8990000
shacman,sx32586v384,2023,самара,5200,8990000
sitrak,c7h,2023,смоленск,7000,8990000
howo,zz3257v384ge1,2023,,7000,9000000
faw,ca3310p66k24t4e5,2023,москва,8000,9000000
shacman,sx4188yy381,2024,челябинск,5000,9000000
shacman,sx4188yy381,2023,улан-удэ,3936,9100000
shacman,sx32586v384,2023,челябинск,2600,9100000
shacman,sx4188yy381,2023,пермь,6000,9100000
daf,xf,2020,москва,408319,9180000
dongfeng,dfh4180,2024,старый оскол,8000,9300000
hongyan,908,2023,,1000,9300000
hongyan,908,2023,,1000,9300000
hongyan,cq4186hv52,2023,,1000,9350000
shacman,sx32586t385,2022,челябинск,3500,9400000
shacman,sx32586v385,2023,уфа,8000,9450000
камаз,54901-ca,2024,смоленск,600,9500000
sitrak,c7h,2021,самара,0,9500000
shacman,sx33186v366,2024,самара,5000,9540000
hongyan,cq3406hv39,2023,,1000,9600000
dongfeng,dfh4180,2024,мытищи,1001,9600000
shacman,sx331863366,2023,самара,6990,9650000
shacman,sx33186v366,2024,набережные челны,7190,9700000
shacman,sx33186v366,2023,уфа,6000,9700000
shacman,sx32586v385,2022,челябинск,3500,9700000
shacman,sx32586v385,2022,челябинск,3500,9700000
shacman,sx331863366,2024,самара,7300,9790000
shacman,sx331863366,2023,набережные челны,7089,9800000
shacman,sx32586v385,2023,уфа,5000,9800000
daf,xf,2020,,632000,9800000
daf,xf,2020,,329800,9850000
daf,xf,2020,,319000,9850000
shacman,sx33186v366,2023,челябинск,5000,9900000
howo,t5g,2023,домодедово,1,9900000
shacman,sx33186v366,2024,набережные челны,6288,10000000
mercedes-benz,actros,2020,москва,332612,10150000
shacman,sx33186v366,2024,челябинск,5000,10200000
daf,xf,2021,,531000,10300000
shacman,sx32586v385,2023,челябинск,3500,10400000
shacman,sx331863366,2024,челябинск,5000,10450000
man,tgx,2021,москва,290000,10500000
shacman,sx32586v385,2023,набережные челны,2792,10600000
dongfeng,dfh4271,2024,старый оскол,8000,10800000
daf,xf,2021,москва,343437,10850000
daf,xf,2021,москва,394904,10850000
daf,ft,2020,москва,356454,10900000
mercedes-benz,actros,2021,москва,352481,10980000
mercedes-benz,actros,2021,москва,254533,10980000
shacman,sx32586v385,2023,челябинск,3500,11000000
dongfeng,gx,2024,казань,4000,11300000
камаз,43118-50,2023,набережные челны,17666,11500000
man,tgx,2021,москва,431782,11800000
mercedes-benz,actros,2024,москва,2298,11800000
man,tgx,2021,красногорск,275000,12100000
daf,xf,2022,москва,304076,12390000
камаз,43118-50,2023,набережные челны,6649,12500000
man,tgx,2022,москва,191739,12500000
man,tgx,2022,москва,119438,12500000
машино-деталь,5339c2,2024,волгоград,10500,12800000
man,tgx,2022,красногорск,160000,12900000
volvo,fh,2021,казань,240000,13900000
volvo,fh,2021,москва,427051,14200000
daf,xg+,2022,,167000,14200000
volvo,fh,2021,красногорск,350000,14350000
scania,r450,2021,москва,368188,14500000
volvo,fh,2022,,250000,14600000
volvo,fh,2022,,250000,14600000
volvo,fh,2022,,250000,14600000
volvo,fh,2021,москва,316858,12980000
daf,xf,2022,воронеж,74614,13250000
volvo,fh,2020,красногорск,281000,13300000
volvo,fh,2020,москва,359808,13400000
man,tgx,2022,мытищи,98000,13500000
volvo,fh,2021,москва,278536,13600000
man,tgx,2023,воронеж,104510,13650000
daewoo,novus,2023,артем,9000,13795000
scania,r500a4x2na,2021,москва,294121,14800000
isuzu,fvr,2024,москва,4656,14800000
volvo,fh,2022,,200000,14900000
volvo,fh,2022,,200000,14900000
volvo,fh,2022,,200000,14900000
volvo,fh,2022,,200000,14900000
daf,xf,2024,,0,15100000
daf,xg+,2023,,176000,15300000
камаз,5490-s5,2018,набережные челны,423784,3916080
камаз,5490-s5,2018,набережные челны,581265,4100320
камаз,5490-s5,2018,набережные челны,511222,4191000
камаз,t1840,2019,набережные челны,518714,4497220
камаз,t1840,2019,набережные челны,454467,4510940
камаз,t1840,2019,набережные челны,445777,4515840
камаз,t1840,2019,набережные челны,467958,4517800
камаз,t1840,2019,набережные челны,484628,4532500
scania,r500,2022,москва,296995,15500000
man,tgx,2023,москва,7144,15500000
man,tgx,2024,москва,7000,16000000
man,tgx,2023,красногорск,7000,16500000
man,tgx,2023,москва,7304,16500000
volvo,fh,2023,москва,2639,16800000
man,tgs,2023,москва,4433,17500000
volvo,fh,2023,москва,3268,18000000
scania,g500,2023,москва,1479,19000000
"сиаз, ооо",9596-15,2021,москва,46520,22000000
ford,transit,2021,москва,131422,3850000
ford,transit,2020,москва,146249,3850000
камаз,6520,2022,первоуральск,19319,5200000
hongyan,908,2021,конаково,167812,2790000
камаз,5490-s5,2018,набережные челны,436931,3897460
камаз,5490-s5,2018,набережные челны,430326,3908240
камаз,t1840,2019,набережные челны,422201,4550140
камаз,5490-s5,2019,набережные челны,496539,4552100
камаз,5490-s5,2019,набережные челны,417309,4553080
камаз,t1840,2019,набережные челны,413099,4567780
камаз,t1840,2019,набережные челны,402643,4580520
камаз,t1840,2019,набережные челны,487832,4598160
камаз,t1840,2019,набережные челны,524942,4607960
камаз,t1840,2019,набережные челны,449400,4608940
камаз,t1840,2019,набережные челны,499195,4609920
камаз,t1840,2019,набережные челны,451696,4611880
камаз,t1840,2019,набережные челны,374342,4614820
камаз,t1840,2019,набережные челны,410502,4623640
камаз,t1840,2019,набережные челны,387745,4631480
камаз,t1840,2019,набережные челны,382062,4632460
камаз,t1840,2019,набережные челны,404938,4644220
камаз,t1840,2019,набережные челны,396868,4650100
камаз,t1840,2019,набережные челны,437781,4654020
камаз,t1840,2019,набережные челны,391115,4657940
камаз,t1840,2019,набережные челны,404311,4657940
камаз,t1840,2019,набережные челны,405041,4657940
камаз,t1840,2019,набережные челны,429007,4657940
камаз,t1840,2019,набережные челны,448543,4657940
камаз,t1840,2019,набережные челны,411235,4658920
камаз,t1840,2019,набережные челны,444739,4658920
камаз,t1840,2019,набережные челны,422747,4659900
камаз,t1840,2019,набережные челны,385183,4665780
камаз,t1840,2019,набережные челны,471593,4669700
камаз,t1840,2019,набережные челны,402154,4678520
камаз,5490-s5,2019,набережные челны,525414,4682440
камаз,t1840,2019,набережные челны,422207,4686360
камаз,t1840,2019,набережные челны,426954,4690280
камаз,t1840,2019,набережные челны,441822,4695180
камаз,t1840,2019,набережные челны,433437,4696160
камаз,5490-s5,2020,дзержинск,295298,4699740
камаз,t1840,2019,набережные челны,471357,4700080
камаз,t1840,2019,набережные челны,523381,4700080
камаз,t1840,2019,набережные челны,455896,4703020
камаз,t1840,2019,набережные челны,393617,4704000
камаз,t1840,2019,набережные челны,431418,4705960
камаз,5490-s5,2019,набережные челны,515933,4705960
камаз,t1840,2019,набережные челны,370446,4706940
камаз,t1840,2019,набережные челны,425023,4707920
камаз,5490-s5,2019,набережные челны,421689,4710860
камаз,t1840,2019,набережные челны,387420,4712820
камаз,t1840,2019,набережные челны,366460,4714780
камаз,t1840,2019,набережные челны,437041,4718700
камаз,5490-s5,2019,набережные челны,414215,4721640
камаз,t1840,2019,набережные челны,315892,4722620
камаз,t1840,2019,набережные челны,406721,4734380
камаз,t1840,2019,набережные челны,424927,4734380
камаз,t1840,2019,набережные челны,325246,4735360
камаз,t1840,2019,набережные челны,400366,4741240
камаз,t1840,2019,набережные челны,418102,4744180
камаз,t1840,2019,набережные челны,398716,4747120
камаз,t1840,2019,набережные челны,361136,4747120
камаз,t1840,2019,набережные челны,409114,4754960
камаз,t1840,2019,набережные челны,419425,4767700
камаз,t1840,2019,набережные челны,587431,4774560
камаз,t1840,2019,набережные челны,506492,4775540
камаз,t1840,2019,набережные челны,401578,4777500
камаз,5490-s5,2019,набережные челны,354603,4779460
камаз,5490-s5,2019,набережные челны,394074,4785340
камаз,t1840,2019,набережные челны,296735,4787300
камаз,t1840,2019,набережные челны,384955,4797100
камаз,t1840,2019,набережные челны,363107,4799060
камаз,t1840,2019,набережные челны,384120,4799060
камаз,t1840,2019,набережные челны,359216,4800040
камаз,t1840,2019,набережные челны,363101,4801020
камаз,t1840,2019,набережные челны,361524,4805920
камаз,5490-s5,2019,набережные челны,418944,4808000
камаз,t1840,2019,набережные челны,351726,4816700
камаз,5490-s5,2019,набережные челны,426734,4818660
камаз,5490-s5,2019,набережные челны,387134,4819640
камаз,t1840,2019,набережные челны,308832,4819640
камаз,t1840,2019,набережные челны,371455,4819640
камаз,t1840,2019,набережные челны,495813,4820620
камаз,5490-s5,2019,набережные челны,358557,4820620
камаз,5490-s5,2019,набережные челны,370659,4821600
камаз,t1840,2019,набережные челны,312530,4828460
камаз,5490-s5,2019,набережные челны,367442,4829440
камаз,5490-s5,2019,набережные челны,406978,4833000
камаз,t1840,2019,набережные челны,336255,4838260
камаз,5490-s5,2019,набережные челны,353616,4841200
камаз,t1840,2019,набережные челны,337233,4843160
камаз,t1840,2019,набережные челны,412081,4853940
камаз,t1840,2019,набережные челны,401493,4856880
камаз,t1840,2019,набережные челны,320067,4865700
камаз,5490-s5,2019,набережные челны,334405,4876480
камаз,t1840,2019,набережные челны,369716,4890200
камаз,t1840,2019,набережные челны,257177,4903920
камаз,5490-s5,2019,набережные челны,427470,4904900
камаз,t1840,2019,набережные челны,393247,4904900
камаз,t1840,2019,набережные челны,390127,4911760
камаз,t1840,2019,набережные челны,459089,4944100
камаз,6520-53,2021,зеленодольск,21497,5190080
камаз,5490-s5,2020,набережные челны,266681,5586230
камаз,5490-s5,2019,набережные челны,333350,5668680
камаз,5490-s5,2019,набережные челны,312751,5710390
камаз,5490-s5,2019,набережные челны,297058,5759860
камаз,5490-s5,2019,набережные челны,280549,5799630
камаз,5490-s5,2019,набережные челны,363437,5800620
камаз,5490-s5,2020,набережные челны,315828,5812240
камаз,5490-s5,2019,набережные челны,253365,5846190
камаз,5490-s5,2020,набережные челны,322598,5874120
камаз,5490-s5,2020,набережные челны,283543,5917000
камаз,5490-s5,2020,набережные челны,297369,5924100
камаз,5490-s5,2020,набережные челны,288042,5937820
камаз,5490-s5,2020,набережные челны,285906,5943700
камаз,5490-s5,2020,набережные челны,285343,5953500
камаз,54901,2022,конаково,311576,5999000
камаз,54901,2022,конаково,240631,5999000
камаз,54901,2022,конаково,239124,5999000
камаз,54901,2022,конаково,216267,5999000
камаз,54901,2022,конаково,321574,5999000
камаз,54901,2022,конаково,428560,5999000
камаз,54901,2022,конаково,338149,5999000
камаз,5490-s5,2020,набережные челны,282841,6006420
камаз,5490-s5,2020,набережные челны,342673,6021120
man,tgx,2017,конаково,1099692,6049000
man,tgx,2017,конаково,1205991,6049000
камаз,5490-s5,2020,набережные челны,283386,6199480
камаз,5490-s5,2019,набережные челны,198861,6210000
камаз,5490-s5,2020,набережные челны,223161,6321000
man,tgx,2017,люберцы,620092,8290000
man,tgx,2017,люберцы,513750,8690000
man,tgx,2017,люберцы,592709,8690000
man,tgx,2018,люберцы,667071,8790000
man,tgx,2018,люберцы,605349,8790000
man,tgx,2018,люберцы,796061,8990000
man,tgx,2018,люберцы,580989,9290000
man,tgx,2018,люберцы,636923,9750000
man,tgx,2018,люберцы,661520,9750000
man,tgx,2018,люберцы,686279,10290000
man,tgx,2018,люберцы,616074,10290000
man,tgx,2018,люберцы,611578,10290000
man,tgx,2018,люберцы,702219,10290000
man,tgx,2018,люберцы,851227,10590000
scania,p6x400,2021,конаково,497179,10990000
scania,p6x400,2021,конаково,560837,10990000
man,tgx,2021,люберцы,465981,13290000
man,tgx,2021,люберцы,479569,13290000
man,tgx,2021,люберцы,462940,13290000
man,tgx,2021,люберцы,220382,13290000
man,tgx,2021,люберцы,235445,13290000
mitsubishi fuso,canter,2019,мытищи,119645,4190000
камаз,m1840,2019,набережные челны,179885,4364680
mitsubishi fuso,canter,2021,мытищи,343096,4380000
